cohort,round,start_utc,elapsed_minutes,time_basis,recorded_model_usd,peak_input_tokens,status,report_count,transcript
review,nxt first,2026-09-02T08:54:09.098Z,2.8921,first user to last assistant,0.641134,66497,,,~/.pi/agent/sessions/--Users-mlegls-dev-harnesses-nxt--/2026-09-02T05-15-19-440Z_01a0608b-0810-7bce-921e-5bc97e7a225b/efb15777-f097-4dca-a0af-d95507a0392c/run-0/session.jsonl
review,nxt first,2026-09-02T08:54:09.098Z,4.8319,first user to last assistant,1.153636,110215,,,~/.pi/agent/sessions/--Users-mlegls-dev-harnesses-nxt--/2026-09-02T05-15-19-440Z_01a0608b-0810-7bce-921e-5bc97e7a225b/63a8e3fb-3687-4a55-9411-74f2e8d15be6/run-0/session.jsonl
review,nxt first,2026-09-02T08:54:09.098Z,3.2644,first user to last assistant,0.610124,58929,,,~/.pi/agent/sessions/--Users-mlegls-dev-harnesses-nxt--/2026-09-02T05-15-19-440Z_01a0608b-0810-7bce-921e-5bc97e7a225b/dae4582b-26be-44b8-bfc1-c5e69ddaf340/run-0/session.jsonl
review,nxt second,2026-09-02T10:31:20.450Z,3.7095,first user to last assistant,1.043851,97655,,,~/.pi/agent/sessions/--Users-mlegls-dev-harnesses-nxt--/2026-09-02T05-15-19-440Z_01a0608b-0810-7bce-921e-5bc97e7a225b/8f51ae1b-2a0c-4865-aecd-7a843b8a210d/run-0/session.jsonl
review,nxt second,2026-09-02T10:31:20.450Z,3.0793,first user to last assistant,0.465276,38978,,,~/.pi/agent/sessions/--Users-mlegls-dev-harnesses-nxt--/2026-09-02T05-15-19-440Z_01a0608b-0810-7bce-921e-5bc97e7a225b/d575ed04-ded8-45d7-9b46-a71f2a3ee890/run-0/session.jsonl
review,nxt second,2026-09-02T10:31:20.451Z,3.0969,first user to last assistant,0.912691,91681,,,~/.pi/agent/sessions/--Users-mlegls-dev-harnesses-nxt--/2026-09-02T05-15-19-440Z_01a0608b-0810-7bce-921e-5bc97e7a225b/a1d92107-9078-4d45-86df-f94f6124249d/run-0/session.jsonl
review,concept core,2026-09-02T12:39:59.860Z,4.1734,first user to last assistant,0.888514,72287,,,~/.pi/agent/sessions/--Users-mlegls-dev-mmon-concept--/2026-09-02T10-13-50-054Z_01a0619c-5366-75a2-84d4-f9751cd85711/a70e3108-70e0-4e5b-9a8c-291349a69133/run-0/session.jsonl
review,concept core,2026-09-02T12:39:59.860Z,5.5091,first user to last assistant,1.523293,121874,,,~/.pi/agent/sessions/--Users-mlegls-dev-mmon-concept--/2026-09-02T10-13-50-054Z_01a0619c-5366-75a2-84d4-f9751cd85711/06a3bda9-d096-4a9b-9fd1-fd804e7c2c90/run-0/session.jsonl
review,concept core,2026-09-02T12:39:59.861Z,4.0333,first user to last assistant,1.245833,109216,,,~/.pi/agent/sessions/--Users-mlegls-dev-mmon-concept--/2026-09-02T10-13-50-054Z_01a0619c-5366-75a2-84d4-f9751cd85711/bd01c68c-3b0e-4ed3-9055-fdae0a2ff21e/run-0/session.jsonl
review,concept #266,2026-09-04T03:38:29.362Z,5.2295,first user to last assistant,2.02623,122401,,,~/.pi/agent/sessions/--Users-mlegls-dev-mmon-concept.codex-issue-250-shareable-build--/2026-09-04T02-55-38-159Z_01a06a57-dcaf-73f3-8c7e-113816bb0fd1/0ad54c88-c438-4cee-aaa0-cf19ecc33186/run-0/session.jsonl
review,concept #266,2026-09-04T03:38:29.378Z,5.7946,first user to last assistant,2.263941,150352,,,~/.pi/agent/sessions/--Users-mlegls-dev-mmon-concept.codex-issue-250-shareable-build--/2026-09-04T02-55-38-159Z_01a06a57-dcaf-73f3-8c7e-113816bb0fd1/22ba9da3-babe-468f-8854-05a9ff5f2569/run-0/session.jsonl
review,concept #266,2026-09-04T03:38:29.502Z,5.9211,first user to last assistant,2.387242,118281,,,~/.pi/agent/sessions/--Users-mlegls-dev-mmon-concept.codex-issue-250-shareable-build--/2026-09-04T02-55-38-159Z_01a06a57-dcaf-73f3-8c7e-113816bb0fd1/27a896b1-e5b3-433e-b889-fe5245cbfcaf/run-0/session.jsonl
review,concept #299,2026-09-07T09:47:07.837Z,4.0395,first user to last assistant,2.113734,96408,,,~/.pi/agent/sessions/--Users-mlegls-dev-mmon-concept.gh-299--/2026-09-06T13-42-14-298Z_01a076f4-901a-7704-8a20-f5bad91f8b3d/024d379d-5af5-4eea-93c9-cece1b3f08c5/run-0/session.jsonl
review,concept #299,2026-09-07T09:47:07.837Z,5.2192,first user to last assistant,3.163634,116889,,,~/.pi/agent/sessions/--Users-mlegls-dev-mmon-concept.gh-299--/2026-09-06T13-42-14-298Z_01a076f4-901a-7704-8a20-f5bad91f8b3d/7bb53e5d-8762-4585-a307-507dd42eb5dd/run-0/session.jsonl
review,concept #299,2026-09-07T09:47:07.837Z,5.7338,first user to last assistant,3.152644,118216,,,~/.pi/agent/sessions/--Users-mlegls-dev-mmon-concept.gh-299--/2026-09-06T13-42-14-298Z_01a076f4-901a-7704-8a20-f5bad91f8b3d/29b7003f-6ee7-4c2b-9cf8-558a26dc3686/run-0/session.jsonl
review,concept #275,2026-09-09T08:40:13.439Z,2.4061,first user to last assistant,0.905372,52707,,,~/.pi/agent/sessions/--Users-mlegls-dev-mmon-concept--/2026-09-09T08-15-30-563Z_01a0853c-8301-7134-b622-ff6e5a399038/e44e300c-4690-4ef6-a7cf-09605cfedfd8/run-0/session.jsonl
review,concept #275,2026-09-09T08:40:13.457Z,2.6334,first user to last assistant,0.981542,53007,,,~/.pi/agent/sessions/--Users-mlegls-dev-mmon-concept--/2026-09-09T08-15-30-563Z_01a0853c-8301-7134-b622-ff6e5a399038/7b154908-ab4b-46f3-adea-d0151195afd9/run-0/session.jsonl
review,concept #275,2026-09-09T08:40:13.548Z,2.9384,first user to last assistant,1.031536,57700,,,~/.pi/agent/sessions/--Users-mlegls-dev-mmon-concept--/2026-09-09T08-15-30-563Z_01a0853c-8301-7134-b622-ff6e5a399038/fd6c8e07-a4fd-4322-94e9-9d3dc5c282f1/run-0/session.jsonl
review,concept #275,2026-09-09T08:40:13.554Z,2.4047,first user to last assistant,1.011574,53949,,,~/.pi/agent/sessions/--Users-mlegls-dev-mmon-concept--/2026-09-09T08-15-30-563Z_01a0853c-8301-7134-b622-ff6e5a399038/af66c199-64eb-4b58-96c9-29175122b57d/run-0/session.jsonl
review,concept #296 first,2026-09-09T09:08:57.084Z,1.4582,first user to last assistant,0.775766,49323,,,~/.pi/agent/sessions/--Users-mlegls-dev-mmon-concept--/2026-09-09T08-48-16-108Z_01a0855a-80eb-75ac-8d30-66323cfa9283/62725135-002c-4aca-8c8d-ef5b9d65fbe6/run-0/session.jsonl
review,concept #296 first,2026-09-09T09:08:57.087Z,2.5948,first user to last assistant,1.007186,61159,,,~/.pi/agent/sessions/--Users-mlegls-dev-mmon-concept--/2026-09-09T08-48-16-108Z_01a0855a-80eb-75ac-8d30-66323cfa9283/d70d0aa0-4b2c-4328-8d5f-ab7edc4d45e9/run-0/session.jsonl
review,concept #296 first,2026-09-09T09:08:57.092Z,1.6609,first user to last assistant,0.770076,42681,,,~/.pi/agent/sessions/--Users-mlegls-dev-mmon-concept--/2026-09-09T08-48-16-108Z_01a0855a-80eb-75ac-8d30-66323cfa9283/852b1b4f-104e-43c5-9abf-504b685134e7/run-0/session.jsonl
review,concept #296 first,2026-09-09T09:08:57.151Z,2.1203,first user to last assistant,0.843876,54459,,,~/.pi/agent/sessions/--Users-mlegls-dev-mmon-concept--/2026-09-09T08-48-16-108Z_01a0855a-80eb-75ac-8d30-66323cfa9283/95c14898-05bc-426a-ae70-adf8d4dc5c94/run-0/session.jsonl
review,concept #296 second,2026-09-09T09:50:16.355Z,2.069,first user to last assistant,0.914466,52801,,,~/.pi/agent/sessions/--Users-mlegls-dev-mmon-concept--/2026-09-09T08-48-16-108Z_01a0855a-80eb-75ac-8d30-66323cfa9283/9418d8de-c60d-4665-b80e-e3603ff9a9a2/run-0/session.jsonl
review,concept #296 second,2026-09-09T09:50:16.358Z,1.5362,first user to last assistant,0.587288,42377,,,~/.pi/agent/sessions/--Users-mlegls-dev-mmon-concept--/2026-09-09T08-48-16-108Z_01a0855a-80eb-75ac-8d30-66323cfa9283/d41bce5a-39ad-4f2a-b362-5e85ba0e634a/run-0/session.jsonl
review,concept #296 second,2026-09-09T09:50:16.393Z,1.5022,first user to last assistant,0.608392,41083,,,~/.pi/agent/sessions/--Users-mlegls-dev-mmon-concept--/2026-09-09T08-48-16-108Z_01a0855a-80eb-75ac-8d30-66323cfa9283/9fadf57b-1bb1-483c-92fa-85fcf3f41f09/run-0/session.jsonl
review,concept #296 second,2026-09-09T09:50:16.428Z,1.3788,first user to last assistant,0.568578,40132,,,~/.pi/agent/sessions/--Users-mlegls-dev-mmon-concept--/2026-09-09T08-48-16-108Z_01a0855a-80eb-75ac-8d30-66323cfa9283/bd48bb42-9223-45cb-90d7-5a455b370757/run-0/session.jsonl
review,arkhai #154,2026-09-08T11:22:26.962Z,0.8925,first user to last assistant,0.497916,35321,,,~/.pi/agent/sessions/--Users-mlegls-dev-arkhai-webapp--/2026-09-08T10-51-11-210Z_01a080a4-adea-7367-a8de-d048629e5500/c28ab0c5-977f-4e55-9f9b-c4ec22c7dce6/run-0/session.jsonl
review,arkhai #154,2026-09-08T11:22:26.966Z,0.8911,first user to last assistant,0.554982,41856,,,~/.pi/agent/sessions/--Users-mlegls-dev-arkhai-webapp--/2026-09-08T10-51-11-210Z_01a080a4-adea-7367-a8de-d048629e5500/f68ea79e-9a6f-45d7-86ca-6f2064870dca/run-0/session.jsonl
review,arkhai #154,2026-09-08T11:22:26.970Z,0.8065,first user to last assistant,0.566846,43816,,,~/.pi/agent/sessions/--Users-mlegls-dev-arkhai-webapp--/2026-09-08T10-51-11-210Z_01a080a4-adea-7367-a8de-d048629e5500/26dd7012-e584-4270-90bf-48a857e68856/run-0/session.jsonl
review,arkhai #154,2026-09-08T11:22:27.013Z,0.8328,first user to last assistant,0.55436,40502,,,~/.pi/agent/sessions/--Users-mlegls-dev-arkhai-webapp--/2026-09-08T10-51-11-210Z_01a080a4-adea-7367-a8de-d048629e5500/554ee1be-d05b-4900-b2d9-d40e4e056dea/run-0/session.jsonl
review,arkhai #147,2026-09-08T12:17:11.608Z,2.8013,first user to last assistant,1.169168,74690,,,~/.pi/agent/sessions/--Users-mlegls-dev-arkhai-webapp--/2026-09-08T10-51-11-210Z_01a080a4-adea-7367-a8de-d048629e5500/02ccaa61-85e7-4cf9-b7d7-9db7b8ecbfb3/run-0/session.jsonl
review,arkhai #147,2026-09-08T12:17:11.610Z,3.9996,first user to last assistant,1.991662,96165,,,~/.pi/agent/sessions/--Users-mlegls-dev-arkhai-webapp--/2026-09-08T10-51-11-210Z_01a080a4-adea-7367-a8de-d048629e5500/486749c3-6467-47f4-9afc-d54c568a29c9/run-0/session.jsonl
review,arkhai #147,2026-09-08T12:17:11.613Z,3.1964,first user to last assistant,1.520012,91075,,,~/.pi/agent/sessions/--Users-mlegls-dev-arkhai-webapp--/2026-09-08T10-51-11-210Z_01a080a4-adea-7367-a8de-d048629e5500/4488b39f-299b-45df-84f1-c5e7b2d03f4f/run-0/session.jsonl
review,arkhai #147,2026-09-08T12:17:11.614Z,1.9723,first user to last assistant,1.30667,80665,,,~/.pi/agent/sessions/--Users-mlegls-dev-arkhai-webapp--/2026-09-08T10-51-11-210Z_01a080a4-adea-7367-a8de-d048629e5500/8731401f-3c2c-4514-bba3-b44e5ade8e4d/run-0/session.jsonl
review,concept #346,2026-09-09T10:00:26.343Z,2.7829,first user to last assistant,2.053776,125425,,,~/.pi/agent/sessions/--Users-mlegls-dev-mmon-concept.gh-295--/2026-09-09T06-50-14-467Z_01a084ee-7240-73de-a8ec-f9b4d7b2ac0a/a5cca4da-ed24-4021-b56e-48d51f91ee61/run-0/session.jsonl
review,concept #346,2026-09-09T10:00:26.345Z,4.6553,first user to last assistant,2.035626,123973,,,~/.pi/agent/sessions/--Users-mlegls-dev-mmon-concept.gh-295--/2026-09-09T06-50-14-467Z_01a084ee-7240-73de-a8ec-f9b4d7b2ac0a/a1f42cba-8481-4147-b15e-cbdd55302df0/run-0/session.jsonl
review,concept #346,2026-09-09T10:00:26.346Z,3.2559,first user to last assistant,2.546958,135113,,,~/.pi/agent/sessions/--Users-mlegls-dev-mmon-concept.gh-295--/2026-09-09T06-50-14-467Z_01a084ee-7240-73de-a8ec-f9b4d7b2ac0a/4369fa9b-e971-43a9-b8ee-c373eb64806b/run-0/session.jsonl
review,concept #346,2026-09-09T10:00:26.348Z,2.6493,first user to last assistant,2.39348,152965,,,~/.pi/agent/sessions/--Users-mlegls-dev-mmon-concept.gh-295--/2026-09-09T06-50-14-467Z_01a084ee-7240-73de-a8ec-f9b4d7b2ac0a/436ab42a-7cfb-49f8-bdc3-677500cdfeb9/run-0/session.jsonl
review-followup,core,2026-09-02T12:47:14.881Z,23.9755,first user to last assistant,5.957483,113007,,,~/.pi/agent/sessions/--Users-mlegls-dev-mmon-concept--/2026-09-02T10-13-50-054Z_01a0619c-5366-75a2-84d4-f9751cd85711/fb032201-63cb-43c5-bed6-20b6db055be5/run-0/session.jsonl
review-followup,core,2026-09-02T13:12:37.197Z,3.4704,first user to last assistant,0.686229,59158,,,~/.pi/agent/sessions/--Users-mlegls-dev-mmon-concept--/2026-09-02T10-13-50-054Z_01a0619c-5366-75a2-84d4-f9751cd85711/99dacc6d-0b0a-4bbe-b70a-4aa8d1a6f449/run-0/session.jsonl
review-followup,#299,2026-09-07T09:52:53.456Z,39.2572,first user to last assistant,17.461016,218760,,,~/.pi/agent/sessions/--Users-mlegls-dev-mmon-concept.gh-299--/2026-09-06T13-42-14-298Z_01a076f4-901a-7704-8a20-f5bad91f8b3d/7252b16b-9f28-4487-b530-fd2bd1f41332/run-0/session.jsonl
review-followup,#299,2026-09-07T10:32:11.581Z,5.9874,first user to last assistant,1.846664,77236,,,~/.pi/agent/sessions/--Users-mlegls-dev-mmon-concept.gh-299--/2026-09-06T13-42-14-298Z_01a076f4-901a-7704-8a20-f5bad91f8b3d/2e7d7a3c-8dd5-4198-8410-a2f29c880dde/run-0/session.jsonl
review-followup,#299,2026-09-07T10:38:13.026Z,5.1599,first user to last assistant,3.005486,157079,,,~/.pi/agent/sessions/--Users-mlegls-dev-mmon-concept.gh-299--/2026-09-06T13-42-14-298Z_01a076f4-901a-7704-8a20-f5bad91f8b3d/f104fe7e-4522-4dc4-882b-83b366ea7e9c/run-0/session.jsonl
verify,,2026-09-25T14:07:30.766Z,73.1738,first user to last status report,0.21960432,176968,done,6,~/.pi/agent/sessions/--Users-mlegls-.paseo-worktrees-0tlsrsf6-start-a-session-from-a-proposed-skill-present-and-2--/2026-09-25T14-07-18-345Z_01a0d8e4-5743-735a-94f2-e072ed2b0175.jsonl
verify,,2026-09-25T14:03:30.724Z,89.6316,first user to last status report,0.4458888,209610,done,3,~/.pi/agent/sessions/--Users-mlegls-.paseo-worktrees-0tlsrsf6-payments-and-metering-meter-managed-usage-through-1--/2026-09-25T14-03-29-282Z_01a0d8e0-d882-7461-943d-76c90b7d07a8.jsonl
verify,,2026-09-25T11:16:31.765Z,1.5699,first user to last status report,0.00427304,13945,done,1,~/.pi/agent/sessions/--Users-mlegls-.paseo-worktrees-0tlsrsf6-connect-the-accepted-mission-overview-to-the-5--/2026-09-25T11-16-31-039Z_01a0d847-fabf-73b7-82bf-389caeb31f00.jsonl
verify,,2026-09-25T03:18:24.316Z,0.7916,first user to last status report,0.00155988,6367,blocked,1,~/.pi/agent/sessions/--Users-mlegls-.paseo-worktrees-0tlsrsf6-dogfooding-to-public-release-chinese-ime-1--/2026-09-25T03-18-23-527Z_01a0d692-3e27-7295-9113-20a972812692.jsonl
verify,,2026-09-25T03:32:53.594Z,34.0397,first user to last status report,0.2206058,189766,done,5,~/.pi/agent/sessions/--Users-mlegls-.paseo-worktrees-0tlsrsf6-whole-evidence-through-bounded-transactions-move-1--/2026-09-25T03-32-52-766Z_01a0d69f-819e-7537-91a1-bdc2bb73983c.jsonl
verify,,2026-09-26T08:27:58.194Z,13.6671,first user to last status report,0.06645496,65258,done,4,~/.pi/agent/sessions/--Users-mlegls-dev-mmon-concept__worktrees-humanize-identifiers-across-the-application-verify--/2026-09-26T08-27-57-369Z_01a0dcd4-0439-7190-9c55-0aa636998bd6.jsonl
verify,,2026-09-26T10:13:50.034Z,3.1991,first user to last status report,0.03821508,39944,blocked,1,~/.pi/agent/sessions/--Users-mlegls-dev-mmon-concept__worktrees-give-missions-a-short-name-verify--/2026-09-26T10-13-49-212Z_01a0dd34-f01c-74f7-99eb-a106dfeb8098.jsonl
verify,,2026-09-26T15:06:09.951Z,12.0184,first user to last status report,0.10765828,86956,blocked,2,~/.pi/agent/sessions/--Users-mlegls-dev-mmon-concept__worktrees-give-missions-a-short-name-verify--/2026-09-26T15-06-09-139Z_01a0de40-9373-734c-8fd9-d525d4133ced.jsonl
verify,,2026-09-25T11:27:23.576Z,1.6312,first user to last status report,0.00160886,7215,done,1,~/.pi/agent/sessions/--Users-mlegls-.paseo-worktrees-0tlsrsf6-one-design-system-across-landing-page-application-2--/2026-09-25T11-27-22-760Z_01a0d851-ec88-7276-acf5-6956ce5d55e8.jsonl
verify,,2026-09-25T03:00:50.002Z,90.4441,first user to last status report,0.54316296,254451,done,6,~/.pi/agent/sessions/--Users-mlegls-.paseo-worktrees-0tlsrsf6-capture-learner-and-tutor-friction-reports-in--/2026-09-25T03-00-47-540Z_01a0d682-2134-71bd-9b9d-c7205f2af2f2.jsonl
verify,,2026-09-25T06:48:25.274Z,10.0213,first user to last status report,0.0327964,52718,done,4,~/.pi/agent/sessions/--Users-mlegls-.paseo-worktrees-0tlsrsf6-refine-the-list-and-overview-layouts-over-mocked-1--/2026-09-25T06-48-24-528Z_01a0d752-84d0-73b0-8aaa-668e2fa9b90b.jsonl
verify,,2026-09-25T07:30:46.709Z,,first user to last status report,0.00030936,4006,no sentinel,0,~/.pi/agent/sessions/--Users-mlegls-.paseo-worktrees-0tlsrsf6-refine-the-list-and-overview-layouts-over-mocked-1--/2026-09-25T07-30-45-832Z_01a0d779-4bc8-7216-80ad-2ca102562d3b.jsonl
verify,,2026-09-25T03:48:35.613Z,19.7205,first user to last status report,0.10234662,118083,done,3,~/.pi/agent/sessions/--Users-mlegls-.paseo-worktrees-0tlsrsf6-bound-convex-reads-over-retained-history-bound-1--/2026-09-25T03-48-33-455Z_01a0d6ad-dc2e-77d1-9b91-1495da1ae7cc.jsonl
verify,,2026-09-25T03:06:33.459Z,7.8007,first user to last status report,0.03649654,57851,done,2,~/.pi/agent/sessions/--Users-mlegls-.paseo-worktrees-0tlsrsf6-investigate-tag-cache-refresh-contention-coalesce-1--/2026-09-25T03-06-31-583Z_01a0d687-611f-76e9-84d4-4b1f836290de.jsonl
verify,,2026-09-25T10:42:28.318Z,,first user to last status report,0.00321792,13889,no sentinel,0,~/.pi/agent/sessions/--Users-mlegls-.paseo-worktrees-0tlsrsf6-refine-the-chat-session-layout-with-a-scripted-3--/2026-09-25T10-42-25-552Z_01a0d828-c489-7446-b5d5-85bf88f46fe3.jsonl
verify,,2026-09-26T11:00:13.792Z,1.6509,first user to last status report,0.00621634,21722,done,1,~/.pi/agent/sessions/--Users-mlegls-dev-mmon-concept__worktrees-measure-classifier-agreement-on-recorded-demonstrations-verify--/2026-09-26T11-00-12-794Z_01a0dd5f-697a-700e-9739-1d70cfadae57.jsonl
verify,,2026-09-26T01:51:49.939Z,,first user to last status report,0.00128986,8075,no sentinel,0,~/.pi/agent/sessions/--Users-mlegls-.paseo-worktrees-0tlsrsf6-design-the-paid-use-experience-across-landing-and-1--/2026-09-26T01-51-48-961Z_01a0db69-56e1-73ed-98d3-4a26980071db.jsonl
verify,,2026-09-26T02:04:22.197Z,1.6813,first user to last status report,0.00318608,10276,done,2,~/.pi/agent/sessions/--Users-mlegls-.paseo-worktrees-0tlsrsf6-design-the-paid-use-experience-across-landing-and-1--/2026-09-26T02-04-21-560Z_01a0db74-d2b8-7118-bbe0-ac90d69d0a8b.jsonl
verify,,2026-09-25T12:28:43.740Z,7.6994,first user to last status report,0.02630748,61340,done,2,~/.pi/agent/sessions/--Users-mlegls-.paseo-worktrees-0tlsrsf6-design-the-paid-use-experience-across-landing-and-1--/2026-09-25T12-28-42-763Z_01a0d88a-138a-7301-93c1-b0552d768619.jsonl
verify,,2026-09-26T02:26:07.559Z,0.8556,first user to last status report,0.00293088,11855,blocked,1,~/.pi/agent/sessions/--Users-mlegls-.paseo-worktrees-0tlsrsf6-design-the-paid-use-experience-across-landing-and-1--/2026-09-26T02-26-06-800Z_01a0db88-bd50-7111-a6ff-dcf531165354.jsonl
verify,,2026-09-26T15:04:51.689Z,1.834,first user to last status report,0.0219583,57762,done,2,~/.pi/agent/sessions/--Users-mlegls-dev-mmon-concept__worktrees-fold-tool-calls-into-a-machinery-strip-verify--/2026-09-26T15-04-50-789Z_01a0de3f-6165-7058-bdec-537950c68a89.jsonl
verify,,2026-09-26T11:29:14.921Z,2.4457,first user to last status report,0.01547718,38999,done,2,~/.pi/agent/sessions/--Users-mlegls-dev-mmon-concept__worktrees-fold-tool-calls-into-a-machinery-strip-verify--/2026-09-26T11-29-14-056Z_01a0dd79-fb48-732f-8a1a-c10dae1b6dba.jsonl
verify,,2026-09-25T07:24:33.881Z,0.9915,first user to last status report,0.00270168,12124,blocked,1,~/.pi/agent/sessions/--Users-mlegls-.paseo-worktrees-0tlsrsf6-patches-carry-nodes-edges-and-materials-that-1--/2026-09-25T07-24-32-920Z_01a0d773-9b18-7435-a6cc-73c60dfb5845.jsonl
verify,,2026-09-26T02:47:44.422Z,1.8047,first user to last status report,0.00768728,24738,done,2,~/.pi/agent/sessions/--Users-mlegls-.paseo-worktrees-0tlsrsf6-launch-common-concept-landing-copy-and-publish-to-1--/2026-09-26T02-47-43-816Z_01a0db9c-87c8-7636-b362-639d355787cf.jsonl
verify,,2026-09-26T02:55:26.123Z,1.9885,first user to last status report,0.00466942,16877,needs-input,1,~/.pi/agent/sessions/--Users-mlegls-.paseo-worktrees-0tlsrsf6-launch-common-concept-landing-copy-and-publish-to-1--/2026-09-26T02-55-25-440Z_01a0dba3-9300-7258-8f95-36e330caa12f.jsonl
verify,,2026-09-26T08:51:43.360Z,15.2124,first user to last status report,0.03747582,61239,done,3,~/.pi/agent/sessions/--Users-mlegls-dev-mmon-concept__worktrees-name-accounts-verify--/2026-09-26T08-51-42-493Z_01a0dce9-c31d-7136-bead-dede4ebbd021.jsonl
verify,,2026-09-25T09:52:17.558Z,3.4721,first user to last status report,0.01896714,37489,blocked,2,~/.pi/agent/sessions/--Users-mlegls-.paseo-worktrees-0tlsrsf6-start-a-session-from-a-proposed-skill-present-and-1--/2026-09-25T09-52-16-537Z_01a0d7fa-da99-765e-b593-aaf06665c831.jsonl
verify,,2026-09-25T15:33:14.940Z,1.4149,first user to last status report,0.00394654,11910,blocked,1,~/.pi/agent/sessions/--Users-mlegls-.paseo-worktrees-0tlsrsf6-payments-and-metering-meter-managed-usage-through-2--/2026-09-25T15-33-14-168Z_01a0d933-0338-7352-9403-a338e2ad3380.jsonl
verify,,2026-09-26T08:02:40.647Z,9.9065,first user to last status report,0.02514196,50275,done,2,~/.pi/agent/sessions/--Users-mlegls-dev-mmon-concept__worktrees-keep-the-last-turn-clear-of-the-composer-verify--/2026-09-26T08-02-39-838Z_01a0dcbc-dc5e-7628-92a8-b435bf335fb9.jsonl
verify,,2026-09-26T10:39:22.462Z,0.8657,first user to last status report,0.00407866,19417,blocked,1,~/.pi/agent/sessions/--Users-mlegls-dev-mmon-concept__worktrees-stage-label-changes-as-a-cut-verify--/2026-09-26T10-39-21-688Z_01a0dd4c-5258-7616-9b0c-48b160e601c9.jsonl
verify,,2026-09-26T15:06:15.116Z,11.7173,first user to last status report,0.04859426,70682,blocked,2,~/.pi/agent/sessions/--Users-mlegls-dev-mmon-concept__worktrees-stage-label-changes-as-a-cut-verify--/2026-09-26T15-06-14-376Z_01a0de40-a7e8-70cb-8760-ba9befeb0062.jsonl
verify,,2026-09-25T14:10:52.132Z,25.2444,first user to last status report,0.05522978,67058,blocked,4,~/.pi/agent/sessions/--Users-mlegls-.paseo-worktrees-0tlsrsf6-rewind-session-turns-and-select-branches-count-1--/2026-09-25T14-10-43-178Z_01a0d8e7-776a-7415-819b-e8bfae972aaf.jsonl
verify,,2026-09-26T11:30:09.975Z,2.1454,first user to last status report,0.00724184,19484,done,4,~/.pi/agent/sessions/--Users-mlegls-dev-mmon-concept__worktrees-verify-a-signed-in-path-on-staging-before-promotion-verify--/2026-09-26T11-30-08-868Z_01a0dd7a-d164-75f5-8f16-c62b004b846c.jsonl
verify,,2026-09-26T09:06:45.300Z,7.409,first user to last status report,0.01471474,26627,blocked,3,~/.pi/agent/sessions/--Users-mlegls-dev-mmon-concept__worktrees-stage-the-session-title-card-and-turns-verify--/2026-09-26T09-06-44-464Z_01a0dcf7-8670-76db-a93b-796bae3162fd.jsonl
verify,,2026-09-26T09:32:27.440Z,2.0916,first user to last status report,0.009975,18893,blocked,2,~/.pi/agent/sessions/--Users-mlegls-dev-mmon-concept__worktrees-never-mark-failure-with-the-accent-verify--/2026-09-26T09-32-26-107Z_01a0dd0f-0c7b-75a9-a002-cace33717b78.jsonl
verify,,2026-09-25T15:50:44.762Z,1.2578,first user to last status report,0.00309606,11030,done,1,~/.pi/agent/sessions/--Users-mlegls-.paseo-worktrees-0tlsrsf6-measure-tutor-variants-empirically-record-each-2--/2026-09-25T15-50-44-062Z_01a0d943-085e-756f-b325-497dd3263e1a.jsonl
verify,,2026-09-25T10:42:28.985Z,,first user to last status report,0.00276428,10697,no sentinel,0,~/.pi/agent/sessions/--Users-mlegls-.paseo-worktrees-0tlsrsf6-refine-the-chat-session-layout-with-a-scripted-4--/2026-09-25T10-42-26-264Z_01a0d828-c758-7071-b47d-fb47471a934d.jsonl
verify,,2026-09-25T13:30:29.816Z,30.9129,first user to last status report,0.14460942,158333,done,6,~/.pi/agent/sessions/--Users-mlegls-.paseo-worktrees-0tlsrsf6-generalize-node-memory-to-source-backed-tagged-1--/2026-09-25T13-30-27-443Z_01a0d8c2-9af3-7110-a6f9-c194aa94e2db.jsonl
verify,,2026-09-25T06:32:48.976Z,2.7447,first user to last status report,0.00904558,30715,done,2,~/.pi/agent/sessions/--Users-mlegls-.paseo-worktrees-0tlsrsf6-generalize-node-memory-to-source-backed-tagged-1--/2026-09-25T06-32-48-236Z_01a0d744-3b6c-7379-bf82-eddc53dcc908.jsonl
verify,,2026-09-25T07:07:46.699Z,1.9913,first user to last status report,0.00591938,21245,done,1,~/.pi/agent/sessions/--Users-mlegls-.paseo-worktrees-0tlsrsf6-generalize-node-memory-to-source-backed-tagged-1--/2026-09-25T07-07-45-936Z_01a0d764-3d90-771a-8419-697330ec2286.jsonl
verify,,2026-09-26T03:01:13.488Z,1.6272,first user to last status report,0.0044314,15295,blocked,1,~/.pi/agent/sessions/--Users-mlegls-.paseo-worktrees-0tlsrsf6-launch-common-concept-landing-copy-and-publish-to-2--/2026-09-26T03-01-12-936Z_01a0dba8-e068-71d1-b2e8-468588d412bd.jsonl
verify,,2026-09-26T03:32:47.996Z,3.2942,first user to last status report,0.00329194,15394,blocked,1,~/.pi/agent/sessions/--Users-mlegls-.paseo-worktrees-0tlsrsf6-launch-common-concept-landing-copy-and-publish-to-2--/2026-09-26T03-32-46-989Z_01a0dbc5-c70d-745d-9a42-e0fdb2d8277a.jsonl
verify,,2026-09-26T09:50:41.796Z,4.4759,first user to last status report,0.02026682,45200,done,2,~/.pi/agent/sessions/--Users-mlegls-dev-mmon-concept__worktrees-roll-and-lock-typography-in-editions-verify--/2026-09-26T09-50-40-938Z_01a0dd1f-c12a-76bd-bec3-6d135d9432a9.jsonl
verify,,2026-09-25T07:26:40.265Z,0.3698,first user to last status report,0.0008376,3663,done,1,~/.pi/agent/sessions/--Users-mlegls-.paseo-worktrees-0tuqbqqn-use-b-use-b-child-verify--/2026-09-25T07-26-38-958Z_01a0d775-876e-7408-9897-885459e3592d.jsonl
verify,,2026-09-25T09:47:51.760Z,0.3698,first user to last status report,0.0008357,3527,done,1,~/.pi/agent/sessions/--Users-mlegls-.paseo-worktrees-0tuqbqqn-use-b-use-b-child-verify--/2026-09-25T09-47-51-025Z_01a0d7f6-cd71-7658-bcd0-1447ea4a4758.jsonl
verify,,2026-09-26T08:26:09.784Z,9.5451,first user to last status report,0.02038714,50499,done,2,~/.pi/agent/sessions/--Users-mlegls-dev-mmon-concept__worktrees-black-app-bar-with-a-spot-slab-tab-verify--/2026-09-26T08-26-08-947Z_01a0dcd2-5cb3-719c-9683-e9b491ccfc4b.jsonl
verify,,2026-09-25T05:05:22.649Z,14.7161,first user to last status report,0.11930242,112807,done,3,~/.pi/agent/sessions/--Users-mlegls-.paseo-worktrees-0tlsrsf6-dogfooding-to-public-release-recount-close-1--/2026-09-25T05-05-21-579Z_01a0d6f4-2cab-70ad-994a-afbeaac99b37.jsonl
verify,,2026-09-25T05:27:23.743Z,0.8447,first user to last status report,0.00194038,9929,done,1,~/.pi/agent/sessions/--Users-mlegls-.paseo-worktrees-0tlsrsf6-dogfooding-to-public-release-triage-friction-1--/2026-09-25T05-27-22-774Z_01a0d708-5596-752d-af7d-4333cb647a7f.jsonl
verify,,2026-09-25T03:48:43.270Z,113.0777,first user to last status report,0.76461448,254829,done,5,~/.pi/agent/sessions/--Users-mlegls-.paseo-worktrees-0tlsrsf6-whole-evidence-through-bounded-transactions-page-1--/2026-09-25T03-48-42-360Z_01a0d6ad-fef8-723b-a53e-149b641e32a1.jsonl
verify,,2026-09-25T06:24:24.726Z,4.0806,first user to last status report,0.0143575,32662,done,2,~/.pi/agent/sessions/--Users-mlegls-.paseo-worktrees-0tlsrsf6-refine-settings-preferences-model-configuration--/2026-09-25T06-24-23-900Z_01a0d73c-895c-74d0-af74-fa73d2687242.jsonl
verify,,2026-09-26T09:17:46.792Z,24.5225,first user to last status report,0.08893616,110935,done,5,~/.pi/agent/sessions/--Users-mlegls-dev-mmon-concept__worktrees-build-the-things-to-climb-emblem-inventory-verify--/2026-09-26T09-17-46-009Z_01a0dd01-9e99-70d5-9c3c-1328dd887d42.jsonl
verify,,2026-09-25T09:59:58.973Z,1.2744,first user to last status report,0.00268882,8826,blocked,1,~/.pi/agent/sessions/--Users-mlegls-.paseo-worktrees-0tlsrsf6-bound-convex-reads-over-retained-history-theory-2--/2026-09-25T09-59-56-635Z_01a0d801-dfdb-731b-8c15-5abb794bd45a.jsonl
verify,,2026-09-26T08:40:19.036Z,13.2555,first user to last status report,0.03421414,51168,done,3,~/.pi/agent/sessions/--Users-mlegls-dev-mmon-concept__worktrees-show-signed-in-chrome-on-public-hub-routes-verify--/2026-09-26T08-40-18-343Z_01a0dcdf-52a7-757c-8055-63ef4830df6c.jsonl
verify,,2026-09-26T09:45:27.872Z,7.7923,first user to last status report,0.0293517,52707,done,2,~/.pi/agent/sessions/--Users-mlegls-dev-mmon-concept__worktrees-materials-as-a-magazine-verify--/2026-09-26T09-45-27-042Z_01a0dd1a-f702-7610-b50b-096254e3b3cb.jsonl
verify,,2026-09-25T04:29:31.473Z,141.8246,first user to last status report,1.1961314,152576,done,6,~/.pi/agent/sessions/--Users-mlegls-.paseo-worktrees-0tlsrsf6-start-a-session-from-a-proposed-skill-hand-off-to-1--/2026-09-25T04-29-30-811Z_01a0d6d3-5b3b-706f-b363-231ea2e3546b.jsonl
verify,,2026-09-25T10:38:01.956Z,1.1674,first user to last status report,0.00303734,9356,blocked,1,~/.pi/agent/sessions/--Users-mlegls-.paseo-worktrees-0tlsrsf6-refine-settings-preferences-model-configuration-2--/2026-09-25T10-38-00-579Z_01a0d824-b983-71e8-8e4a-6b5bbe8a0cc9.jsonl
verify,,2026-09-26T11:42:35.668Z,0.8236,first user to last status report,0.00396342,16474,done,1,~/.pi/agent/sessions/--Users-mlegls-dev-mmon-concept__worktrees-run-storybook-tests-where-they-cannot-be-skipped-verify--/2026-09-26T11-42-34-867Z_01a0dd86-3373-75ce-b433-c38a2bf87347.jsonl
verify,,2026-09-25T05:09:05.930Z,8.6778,first user to last status report,0.04937086,111383,done,2,~/.pi/agent/sessions/--Users-mlegls-.paseo-worktrees-0tlsrsf6-reconcile-story-replays-with-their-encounters-1--/2026-09-25T05-09-05-103Z_01a0d6f7-95cf-7553-bdca-863addbdf84a.jsonl
verify,,2026-09-25T03:06:21.189Z,3.069,first user to last status report,0.0092328,24081,done,2,~/.pi/agent/sessions/--Users-mlegls-.paseo-worktrees-0tlsrsf6-bound-convex-reads-over-retained-history-index-1--/2026-09-25T03-06-20-426Z_01a0d687-358a-7356-b4d3-6a1d343db575.jsonl
verify,,2026-09-25T13:53:27.352Z,1.5036,first user to last status report,0.00224626,11455,done,2,~/.pi/agent/sessions/--Users-mlegls-.paseo-worktrees-0tlsrsf6-localize-the-interface-and-tutor-language-catch-1--/2026-09-25T13-53-24-328Z_01a0d8d7-9d68-7208-b6b1-b34d89774ca7.jsonl
verify,,2026-09-25T05:30:38.873Z,1.5283,first user to last status report,0.0042496,17995,blocked,1,~/.pi/agent/sessions/--Users-mlegls-.paseo-worktrees-0tlsrsf6-bound-convex-reads-over-retained-history-let-the-1--/2026-09-25T05-30-37-956Z_01a0d70b-5004-7516-84d5-4f7647ed7134.jsonl
verify,,2026-09-25T03:48:35.613Z,122.1594,first user to last status report,0.02005386,31468,done,3,~/.pi/agent/sessions/--Users-mlegls-.paseo-worktrees-0tlsrsf6-whole-application-ui-component-library-and-stack-1--/2026-09-25T03-48-33-949Z_01a0d6ad-de1d-7196-8773-fca48d6f8d32.jsonl
verify,,2026-09-25T07:26:40.506Z,0.2755,first user to last status report,0.0006681,3383,done,1,~/.pi/agent/sessions/--Users-mlegls-.paseo-worktrees-0tuqbqqn-use-nostage-use-nostage-child-verify--/2026-09-25T07-26-39-257Z_01a0d775-8899-739a-ae81-696b52e783c2.jsonl
verify,,2026-09-25T09:47:48.562Z,0.2888,first user to last status report,0.0007038,3504,done,1,~/.pi/agent/sessions/--Users-mlegls-.paseo-worktrees-0tuqbqqn-use-nostage-use-nostage-child-verify--/2026-09-25T09-47-47-762Z_01a0d7f6-c0b2-7632-8800-dea584932d98.jsonl
verify,,2026-09-25T13:50:43.807Z,3.2402,first user to last status report,0.00966054,18038,done,2,~/.pi/agent/sessions/--Users-mlegls-.paseo-worktrees-0tlsrsf6-replace-session-exclusion-with-operation-level-3--/2026-09-25T13-50-40-533Z_01a0d8d5-1d95-74df-9aed-5a23be34f687.jsonl
verify,,2026-09-25T09:47:53.154Z,0.3204,first user to last status report,0.0006739,3446,done,1,~/.pi/agent/sessions/--Users-mlegls-.paseo-worktrees-0tuqbqqn-use-a-use-a-child-verify--/2026-09-25T09-47-52-380Z_01a0d7f6-d2bc-7363-9a35-933ef265b07d.jsonl
verify,,2026-09-25T07:26:42.730Z,0.3671,first user to last status report,0.0008282,3585,done,1,~/.pi/agent/sessions/--Users-mlegls-.paseo-worktrees-0tuqbqqn-use-a-use-a-child-verify--/2026-09-25T07-26-41-897Z_01a0d775-92e9-7313-a458-16c63d475169.jsonl
verify,,2026-09-26T15:06:05.210Z,3.2346,first user to last status report,0.02504462,46855,blocked,1,~/.pi/agent/sessions/--Users-mlegls-dev-mmon-concept__worktrees-hub-as-a-stamp-sheet-verify--/2026-09-26T15-06-04-244Z_01a0de40-8053-74ba-a33f-7b570ed37d84.jsonl
verify,,2026-09-26T11:39:28.608Z,0.959,first user to last status report,0.00249372,10187,blocked,1,~/.pi/agent/sessions/--Users-mlegls-dev-mmon-concept__worktrees-hub-as-a-stamp-sheet-verify--/2026-09-26T11-39-27-817Z_01a0dd83-58c9-759b-9086-7c77809db86e.jsonl
verify,,2026-09-25T09:59:59.363Z,1.0444,first user to last status report,0.00402178,12642,needs-input,1,~/.pi/agent/sessions/--Users-mlegls-.paseo-worktrees-0tlsrsf6-bound-convex-reads-over-retained-history-theory-1--/2026-09-25T09-59-57-125Z_01a0d801-e1c5-76a2-a178-bfa9e385892c.jsonl
verify,,2026-09-26T10:39:21.613Z,2.8186,first user to last status report,0.01116606,26033,done,3,~/.pi/agent/sessions/--Users-mlegls-dev-mmon-concept__worktrees-one-chip-grammar-verify--/2026-09-26T10-39-20-772Z_01a0dd4c-4ec4-7232-a5db-0d86f2831678.jsonl
verify,,2026-09-25T11:16:19.397Z,0.9391,first user to last status report,0.00329952,15990,done,1,~/.pi/agent/sessions/--Users-mlegls-.paseo-worktrees-0tlsrsf6-connect-the-accepted-mission-overview-to-the-4--/2026-09-25T11-16-18-159Z_01a0d847-c86f-763b-b25c-fd4b3e863448.jsonl
verify,,2026-09-25T14:13:33.690Z,1.3601,first user to last status report,0.00293698,11424,done,1,~/.pi/agent/sessions/--Users-mlegls-.paseo-worktrees-0tlsrsf6-promote-main-through-staging-to-production-deploy-1--/2026-09-25T14-13-31-446Z_01a0d8ea-08b6-73be-ada7-591edcb88a6e.jsonl
verify,,2026-09-25T14:38:28.201Z,5.7904,first user to last status report,0.00650468,16109,done,4,~/.pi/agent/sessions/--Users-mlegls-.paseo-worktrees-0tlsrsf6-share-tokens-and-generic-components-from-the-1--/2026-09-25T14-38-23-572Z_01a0d900-cd53-7413-96fd-e71581aa98b1.jsonl
verify,,2026-09-26T11:06:48.063Z,0.9319,first user to last status report,0.00288874,9263,blocked,1,~/.pi/agent/sessions/--Users-mlegls-dev-mmon-concept__worktrees-fit-the-graph-to-its-viewport-on-load-verify--/2026-09-26T11-06-47-273Z_01a0dd65-6e69-7076-b620-7d75cecb4ba8.jsonl
verify,,2026-09-26T15:04:56.503Z,1.0598,first user to last status report,0.00798322,34731,blocked,1,~/.pi/agent/sessions/--Users-mlegls-dev-mmon-concept__worktrees-fit-the-graph-to-its-viewport-on-load-verify--/2026-09-26T15-04-55-763Z_01a0de3f-74d2-75bf-ad00-2f59161512f7.jsonl
verify,,2026-09-25T04:31:20.467Z,7.6348,first user to last status report,0.02416756,52011,done,3,~/.pi/agent/sessions/--Users-mlegls-.paseo-worktrees-0tlsrsf6-capture-learner-and-tutor-friction-reports-in-1--/2026-09-25T04-31-19-790Z_01a0d6d5-04ee-720f-88b3-c2133f738ffa.jsonl
verify,,2026-09-25T06:28:32.710Z,1.8895,first user to last status report,0.00596348,16392,blocked,1,~/.pi/agent/sessions/--Users-mlegls-.paseo-worktrees-0tlsrsf6-settle-action-owned-turn-deployment-recovery-1--/2026-09-25T06-28-31-464Z_01a0d740-5068-7060-86dc-b87d9ddc4c02.jsonl
verify,,2026-09-25T07:04:05.461Z,1.0417,first user to last status report,0.0034759,14407,needs-input,1,~/.pi/agent/sessions/--Users-mlegls-.paseo-worktrees-0tlsrsf6-settle-action-owned-turn-deployment-recovery-1--/2026-09-25T07-04-04-595Z_01a0d760-dcf3-7768-90ed-b43a15f615e7.jsonl
verify,,2026-09-26T12:01:13.456Z,0.9114,first user to last status report,0.00567294,30606,done,1,~/.pi/agent/sessions/--Users-mlegls-dev-mmon-concept__worktrees-keep-a-per-principal-usage-ledger-verify--/2026-09-26T12-01-12-645Z_01a0dd97-41c4-72b2-bcf0-93f7ce460db0.jsonl
verify,,2026-09-26T14:07:27.695Z,15.6166,first user to last status report,0.09616996,123329,done,3,~/.pi/agent/sessions/--Users-mlegls-dev-mmon-concept__worktrees-charge-managed-turns-through-the-convex-ai-gateway-verify--/2026-09-26T14-07-26-834Z_01a0de0a-d472-7005-8129-fec9ac7edfe5.jsonl
verify,,2026-09-25T04:05:11.705Z,11.2855,first user to last status report,0.06122794,72593,done,2,~/.pi/agent/sessions/--Users-mlegls-.paseo-worktrees-0tlsrsf6-investigate-tag-cache-refresh-contention-surface-1--/2026-09-25T04-05-10-526Z_01a0d6bd-12fe-7318-a2e7-8f83a74f9cc1.jsonl
verify,,2026-09-25T16:54:38.493Z,57.6303,first user to last status report,0.21044866,162707,done,4,~/.pi/agent/sessions/--Users-mlegls-.paseo-worktrees-0tlsrsf6-rewind-session-turns-and-select-branches-put-copy-1--/2026-09-25T16-54-37-817Z_01a0d97d-87f9-75ca-a72f-77a8cfb8524c.jsonl
verify,,2026-09-25T06:53:09.231Z,1.0497,first user to last status report,0.00350822,19025,done,1,~/.pi/agent/sessions/--Users-mlegls-.paseo-worktrees-0tlsrsf6-settle-action-owned-turn-deployment-recovery--/2026-09-25T06-53-08-174Z_01a0d756-d8ce-75af-8b80-b01a4faae3af.jsonl
verify,,2026-09-25T06:24:31.795Z,3.9177,first user to last status report,0.01909132,36763,done,2,~/.pi/agent/sessions/--Users-mlegls-.paseo-worktrees-0tlsrsf6-settle-action-owned-turn-deployment-recovery--/2026-09-25T06-24-30-774Z_01a0d73c-a436-7261-a868-0488bf2e0f36.jsonl
verify,,2026-09-25T06:55:29.551Z,8.5551,first user to last status report,0.793062,78810,done,1,~/.pi/agent/sessions/--Users-mlegls-.paseo-worktrees-0tlsrsf6-settle-action-owned-turn-deployment-recovery--/2026-09-25T06-55-27-518Z_01a0d758-f91e-74fa-889d-e8e8acbefb4b.jsonl
verify,,2026-09-25T07:06:24.509Z,0.9806,first user to last status report,0.00315372,14231,blocked,1,~/.pi/agent/sessions/--Users-mlegls-.paseo-worktrees-0tlsrsf6-settle-action-owned-turn-deployment-recovery--/2026-09-25T07-06-23-704Z_01a0d762-fc58-714a-b1a0-b615ea503ad8.jsonl
verify,,2026-09-25T07:08:22.736Z,179.3397,first user to last status report,7.6627944,124755,done,2,~/.pi/agent/sessions/--Users-mlegls-.paseo-worktrees-0tlsrsf6-settle-action-owned-turn-deployment-recovery--/2026-09-25T07-08-21-883Z_01a0d764-c9fb-755a-8627-73043c138888.jsonl
verify,,2026-09-25T05:30:40.114Z,1.9875,first user to last status report,0.00609498,22419,blocked,1,~/.pi/agent/sessions/--Users-mlegls-.paseo-worktrees-0tlsrsf6-bound-convex-reads-over-retained-history-let-the-2--/2026-09-25T05-30-39-322Z_01a0d70b-555a-7154-9f16-2e7e0abf8dda.jsonl
verify,,2026-09-25T14:48:28.149Z,2.6074,first user to last status report,0.00334926,8156,blocked,1,~/.pi/agent/sessions/--Users-mlegls-.paseo-worktrees-0tlsrsf6-refine-the-chat-session-layout-with-a-scripted-2--/2026-09-25T14-48-27-236Z_01a0d90a-0364-7126-9f11-0d8a06dceab7.jsonl
verify,,2026-09-25T04:16:19.887Z,5.9852,first user to last status report,0.02262586,45445,done,2,~/.pi/agent/sessions/--Users-mlegls-.paseo-worktrees-0tlsrsf6-refine-the-chat-session-layout-with-a-scripted-2--/2026-09-25T04-16-18-727Z_01a0d6c7-4527-7365-905f-1b65ffa4229e.jsonl
verify,,2026-09-25T03:35:35.842Z,17.7609,first user to last status report,0.04660542,61850,done,3,~/.pi/agent/sessions/--Users-mlegls-.paseo-worktrees-0tlsrsf6-refine-the-chat-session-layout-with-a-scripted-2--/2026-09-25T03-35-34-892Z_01a0d6a1-faec-7469-b298-66d288e0aae7.jsonl
verify,,2026-09-25T10:42:23.847Z,0.7395,first user to last status report,0.00231332,12693,needs-input,1,~/.pi/agent/sessions/--Users-mlegls-.paseo-worktrees-0tlsrsf6-refine-the-chat-session-layout-with-a-scripted-2--/2026-09-25T10-42-14-202Z_01a0d828-983a-730f-812e-515213a0cede.jsonl
verify,,2026-09-25T03:08:45.188Z,11.4242,first user to last status report,0.0605978,105841,done,3,~/.pi/agent/sessions/--Users-mlegls-.paseo-worktrees-0tlsrsf6-refine-the-chat-session-layout-with-a-scripted-2--/2026-09-25T03-08-44-486Z_01a0d689-6846-7525-b7ff-2afc0635ebea.jsonl
verify,,2026-09-25T15:33:13.105Z,5.4518,first user to last status report,0.02204234,35378,blocked,4,~/.pi/agent/sessions/--Users-mlegls-.paseo-worktrees-0tlsrsf6-refine-the-chat-session-layout-with-a-scripted-2--/2026-09-25T15-33-11-767Z_01a0d932-f9d7-7671-b0e3-80aa2afedab9.jsonl
verify,,2026-09-25T06:28:35.854Z,1.2016,first user to last status report,0.00393604,10081,blocked,1,~/.pi/agent/sessions/--Users-mlegls-.paseo-worktrees-0tlsrsf6-refine-settings-preferences-model-configuration-1--/2026-09-25T06-28-34-784Z_01a0d740-5d5f-713a-8ed7-3a5e22aed915.jsonl
verify,,2026-09-26T09:27:33.743Z,1.5038,first user to last status report,0.00336062,11905,done,1,~/.pi/agent/sessions/--Users-mlegls-dev-mmon-concept__worktrees-graph-canvas-ground-and-node-card-verify--/2026-09-26T09-27-32-877Z_01a0dd0a-930d-7332-8b7d-c21e54a279ac.jsonl
implement-context-comparison,,2026-09-09T07:47:19.358Z,29.8563,first user to last assistant,6.950512,114720,,,~/.pi/agent/sessions/--Users-mlegls-dev-mmon-concept.gh-295--/2026-09-09T06-50-14-467Z_01a084ee-7240-73de-a8ec-f9b4d7b2ac0a/02ca9149-bb66-48d2-9c5d-c46db4d6711a/run-0/session.jsonl
implement-context-comparison,,2026-09-09T07:47:19.363Z,18.5619,first user to last assistant,5.688866,94693,,,~/.pi/agent/sessions/--Users-mlegls-dev-mmon-concept.gh-295--/2026-09-09T06-50-14-467Z_01a084ee-7240-73de-a8ec-f9b4d7b2ac0a/e295d3ac-acec-4baf-900d-729dc0ef43d6/run-0/session.jsonl
implement-context-comparison,,2026-09-09T08:33:00.510Z,33.6549,first user to last assistant,9.049104,148970,,,~/.pi/agent/sessions/--Users-mlegls-dev-mmon-concept.gh-295--/2026-09-09T06-50-14-467Z_01a084ee-7240-73de-a8ec-f9b4d7b2ac0a/ce41f00f-2fae-4f9d-924a-31f9ceda118f/run-0/session.jsonl
implement-context-comparison,,2026-09-02T06:05:16.696Z,13.0601,first user to last assistant,2.316619,95104,,,~/.pi/agent/sessions/--Users-mlegls-dev-harnesses-nxt--/2026-09-02T05-15-19-440Z_01a0608b-0810-7bce-921e-5bc97e7a225b/5ccfb803-f128-48ab-9948-f98e6dd1329d/run-0/session.jsonl
implement-context-comparison,,2026-09-02T06:05:16.494Z,19.9758,first user to last assistant,2.904485,98173,,,~/.pi/agent/sessions/--Users-mlegls-dev-harnesses-nxt--/2026-09-02T05-15-19-440Z_01a0608b-0810-7bce-921e-5bc97e7a225b/d4efd921-13f1-4b4f-bcf4-c627ddf4c355/run-0/session.jsonl
implement-context-comparison,,2026-09-02T14:45:53.448Z,38.4657,first user to last assistant,9.671949,155059,,,~/.pi/agent/sessions/--Users-mlegls-dev-mmon-concept--/2026-09-02T13-30-30-811Z_01a06250-641b-754f-b60f-10926a7b75e9/bbbb29b4-2f5d-46a2-8c2b-7494448bcf2c/run-0/session.jsonl
implement-context-comparison,,2026-09-02T15:30:57.516Z,54.3758,first user to last assistant,5.974067,135479,,,~/.pi/agent/sessions/--Users-mlegls-dev-mmon-concept--/2026-09-02T13-30-30-811Z_01a06250-641b-754f-b60f-10926a7b75e9/a23e5d5b-8ee7-484b-bbdd-7e2b97743c28/run-0/session.jsonl
implement-context-comparison,,2026-09-02T15:30:57.904Z,215.9845,first user to last assistant,13.551307,227919,,,~/.pi/agent/sessions/--Users-mlegls-dev-mmon-concept--/2026-09-02T13-30-30-811Z_01a06250-641b-754f-b60f-10926a7b75e9/1b48de38-9600-4092-93ac-8b9ba2482518/run-0/session.jsonl
implement-context-comparison,,2026-09-02T20:27:55.493Z,40.8692,first user to last assistant,2.451472,74705,,,~/.pi/agent/sessions/--Users-mlegls-dev-mmon-concept--/2026-09-02T13-30-30-811Z_01a06250-641b-754f-b60f-10926a7b75e9/6ab3f266-3a64-49d0-a02e-7c73f2295244/run-0/session.jsonl
implement-context-comparison,,2026-09-02T20:27:56.315Z,164.1678,first user to last assistant,9.914698,176661,,,~/.pi/agent/sessions/--Users-mlegls-dev-mmon-concept--/2026-09-02T13-30-30-811Z_01a06250-641b-754f-b60f-10926a7b75e9/f85b2dbc-3c32-4f1a-bac1-76e2249b4bb3/run-0/session.jsonl
implement-context-comparison,,2026-09-02T20:27:57.554Z,61.2958,first user to last assistant,4.220575,115172,,,~/.pi/agent/sessions/--Users-mlegls-dev-mmon-concept--/2026-09-02T13-30-30-811Z_01a06250-641b-754f-b60f-10926a7b75e9/5d7eb1be-0e10-48b4-8d95-7ef131d59456/run-0/session.jsonl
implement-context-comparison,,2026-09-03T00:13:03.277Z,59.7668,first user to last assistant,7.69987,157402,,,~/.pi/agent/sessions/--Users-mlegls-dev-mmon-concept--/2026-09-02T13-30-30-811Z_01a06250-641b-754f-b60f-10926a7b75e9/b852c835-85e5-4978-b53e-3d9f69a99d9b/run-0/session.jsonl
implement-context-comparison,,2026-09-03T00:13:04.213Z,59.3314,first user to last assistant,7.956103,154730,,,~/.pi/agent/sessions/--Users-mlegls-dev-mmon-concept--/2026-09-02T13-30-30-811Z_01a06250-641b-754f-b60f-10926a7b75e9/235a9e70-c9ff-4c00-8fa8-d03b7ce7f2dd/run-0/session.jsonl
implement-context-comparison,,2026-09-03T00:13:05.636Z,51.0608,first user to last assistant,4.828505,135871,,,~/.pi/agent/sessions/--Users-mlegls-dev-mmon-concept--/2026-09-02T13-30-30-811Z_01a06250-641b-754f-b60f-10926a7b75e9/799dd863-65b8-489d-b54d-ba9da9e1f029/run-0/session.jsonl
implement-context-comparison,,2026-09-03T01:17:51.882Z,21.9345,first user to last assistant,7.382012,147288,,,~/.pi/agent/sessions/--Users-mlegls-dev-mmon-concept--/2026-09-02T13-30-30-811Z_01a06250-641b-754f-b60f-10926a7b75e9/55ebaebb-3c8d-4aa1-9d3a-92cf4f9c07b9/run-0/session.jsonl
implement-context-comparison,,2026-09-03T01:17:52.386Z,20.1766,first user to last assistant,5.766492,130873,,,~/.pi/agent/sessions/--Users-mlegls-dev-mmon-concept--/2026-09-02T13-30-30-811Z_01a06250-641b-754f-b60f-10926a7b75e9/962ac409-0832-4da3-850b-9ccd2c34c804/run-0/session.jsonl
implement-context-comparison,,2026-09-03T01:45:46.256Z,14.3069,first user to last assistant,5.178603,140484,,,~/.pi/agent/sessions/--Users-mlegls-dev-mmon-concept--/2026-09-02T13-30-30-811Z_01a06250-641b-754f-b60f-10926a7b75e9/92f26a7a-8b52-4e97-bd24-e245977978e4/run-0/session.jsonl
